"","model","mse"
"1","level",47.0650242125331
"2","semi-log",55.806332449785
"3","log-log",56.0800787622894
